<xml xmlns="http://www.w3.org/1999/xhtml">
  <tab name="init" type="InitTab" active="false" scrollx="875" scrolly="430.4999999999999" scale="0.9">
    <block xmlns="https://developers.google.com/blockly/xml" type="initSettings" id="r8QI9^eLUW|~@N^@pvnc" x="-790" y="-350">
      <field name="LOAD_COMP_ASSETS">TRUE</field>
      <field name="FULLSCREEN">TRUE</field>
      <field name="BKG_TRANSPARENCY">FALSE</field>
      <field name="PRESERVE_DRAW_BUF">FALSE</field>
      <field name="FADE_ANNOTATIONS">TRUE</field>
    </block>
  </tab>
  <tab name="main" type="MainTab" active="true" scrollx="1449.270751953125" scrolly="410.80120849609375" scale="1">
    <block xmlns="https://developers.google.com/blockly/xml" type="setMaterialValue" id="!ZJ642C=/Q-5;zGoG]Uw" x="-1530" y="-90">
      <mutation xmlns="http://www.w3.org/1999/xhtml" flexvalinput="false"></mutation>
      <field name="MAT_VAL_NAME">skin_white_or_mixed</field>
      <value name="MATERIAL">
        <shadow type="materialList" id="2+BK1Ai^m}$0iH$BL0){">
          <field name="FIELDNAME">TEAM_A</field>
        </shadow>
      </value>
      <value name="VALUE">
        <shadow type="math_number" id="n|$e[^*#hiy1^$9JjmXf">
          <field name="NUM">0.5</field>
        </shadow>
      </value>
    </block>
    <block xmlns="https://developers.google.com/blockly/xml" type="removePostprocessing" id="bt5{gj^4MOrFc+O$[D)E" x="-510" y="-130"/>
    <block xmlns="https://developers.google.com/blockly/xml" type="ssr" id=")2PUcCWm!,@LjP)v*/LA" x="-1470" y="50">
      <field name="TYPE">REFLECT</field>
      <value name="MATERIAL">
        <shadow type="materialList" id="@L!~Y%?8r]t|0Xu/KnXt">
          <field name="FIELDNAME">CAISSE</field>
        </shadow>
        <block type="lists_create_with" id="-fQ?|A!bJ?Tkc[vUwg~%">
          <mutation items="4"/>
          <value name="ADD0">
            <block type="materialList" id="bE,Q4~3-#!CSCNO$rP+5">
              <field name="FIELDNAME">FOTTBALLBOX</field>
            </block>
          </value>
        </block>
      </value>
      <value name="STEPS">
        <shadow type="number_slider" id="G_0qZT]zAQDb2^@-g`s{">
          <field name="NUM" min="0" max="1000" step="1">100</field>
        </shadow>
      </value>
      <value name="STRIDE">
        <shadow type="number_slider" id="Dgaj8;hN+KH?/.mFf=26">
          <field name="NUM" min="0" max="10" step="0.1">5</field>
        </shadow>
      </value>
      <value name="BINARY_SEARCH_STEPS">
        <shadow type="number_slider" id="H!Fn_*5$3oAZbEyQ6Y/x">
          <field name="NUM" min="0" max="10" step="0.1">4</field>
        </shadow>
      </value>
      <value name="THICKNESS">
        <shadow type="number_slider" id="{=eLW}:N{gWWuQG)~foj">
          <field name="NUM" min="0" max="0.1" step="0.01">0.01</field>
        </shadow>
      </value>
      <value name="MAX_DISTANCE">
        <shadow type="number_slider" id="KQgrRz(i+,w@=ztV+}O7">
          <field name="NUM" min="0" max="1000" step="1">100</field>
        </shadow>
      </value>
      <value name="RESOLUTION">
        <shadow type="number_slider" id="LzAH1SxYYH4~uu*CVY^}">
          <field name="NUM" min="0" max="10" step="0.1">0.5</field>
        </shadow>
      </value>
      <value name="JITTER">
        <shadow type="number_slider" id="3e$eu@7sZRL8s}C=/%b?">
          <field name="NUM" min="0" max="10" step="0.1">1</field>
        </shadow>
      </value>
      <value name="RENDER_AFTER">
        <shadow type="objectList" id="Om@%qm}n_BRH5J{@`9wf">
          <field name="FIELDNAME">&lt;none&gt;</field>
        </shadow>
      </value>
    </block>
    <block xmlns="https://developers.google.com/blockly/xml" type="ssr" id="GN{xj[e}xm%Cw=YET*F+" x="-830" y="70">
      <field name="TYPE">REFLECT</field>
      <value name="MATERIAL">
        <shadow type="materialList">
          <field name="FIELDNAME">CAISSE</field>
        </shadow>
        <block type="lists_create_with" id="sf-;gx#SkU4v{8q!9bf3">
          <mutation items="4"/>
          <value name="ADD0">
            <block type="materialList" id="pa`@`)1X}T^-DT|Y9(}X">
              <field name="FIELDNAME">golssymetal</field>
            </block>
          </value>
        </block>
      </value>
      <value name="STEPS">
        <shadow type="number_slider" id="Ybl4ri;;9aYS{_)X0HY)">
          <field name="NUM" min="0" max="1000" step="1">100</field>
        </shadow>
      </value>
      <value name="STRIDE">
        <shadow type="number_slider" id="L`-T,QoLXu._gplZ0+Pg">
          <field name="NUM" min="0" max="10" step="0.1">5</field>
        </shadow>
      </value>
      <value name="BINARY_SEARCH_STEPS">
        <shadow type="number_slider" id=";_hd_kPLOwQ0Y!WM%y^H">
          <field name="NUM" min="0" max="10" step="0.1">4</field>
        </shadow>
      </value>
      <value name="THICKNESS">
        <shadow type="number_slider" id="~r2:|.9yu;H9QACG6l99">
          <field name="NUM" min="0" max="0.1" step="0.01">0.01</field>
        </shadow>
      </value>
      <value name="MAX_DISTANCE">
        <shadow type="number_slider" id="TjlAtF+jwu!2ZErq}2xd">
          <field name="NUM" min="0" max="1000" step="1">100</field>
        </shadow>
      </value>
      <value name="RESOLUTION">
        <shadow type="number_slider" id="WWVV4K}dK5_%.Uww*bUs">
          <field name="NUM" min="0" max="10" step="0.1">0.5</field>
        </shadow>
      </value>
      <value name="JITTER">
        <shadow type="number_slider" id="}H-zM?[Rft8J8-,KP/@+">
          <field name="NUM" min="0" max="10" step="0.1">1</field>
        </shadow>
      </value>
      <value name="RENDER_AFTER">
        <shadow type="objectList" id="U6qZv:}e8/rCm74n=~{0">
          <field name="FIELDNAME">&lt;none&gt;</field>
        </shadow>
      </value>
    </block>
    <block xmlns="https://developers.google.com/blockly/xml" type="materialList" id="{C~zS4HrAD-YAlewK/kL" x="-1070" y="130">
      <field name="FIELDNAME">golssymetal</field>
    </block>
    <block xmlns="https://developers.google.com/blockly/xml" type="materialList" id="M.++5x+S#WzZ(;n@jUZ3" x="-290" y="150">
      <field name="FIELDNAME">FOTTBALLBOX</field>
    </block>
    <block xmlns="https://developers.google.com/blockly/xml" type="materialList" id="$/@~`I@C)@Wr^nKy}Q#5" x="-1050" y="190">
      <field name="FIELDNAME">FEET</field>
    </block>
    <block xmlns="https://developers.google.com/blockly/xml" type="materialList" id="c_3~^|$@M~d](9.I[]Fz" x="-1070" y="250">
      <field name="FIELDNAME">HANDRAIL</field>
    </block>
    <block xmlns="https://developers.google.com/blockly/xml" type="materialList" id="Q@uvc!7DgIye_s4*q-~:" x="-410" y="250">
      <field name="FIELDNAME">HANDRAIL</field>
    </block>
    <block xmlns="https://developers.google.com/blockly/xml" type="materialList" id="qoz$1+xO}eg$_wAFO*Ug" x="-130" y="250">
      <field name="FIELDNAME">FEET</field>
    </block>
  </tab>
  <editorsettings viewport-x="1134" viewport-y="28" viewport-w="768" viewport-h="468.5" viewport-hidden="false" toolbox-library-mode="false" toolbox-minimized-mode="false"></editorsettings>
</xml>